{
    "detection": {
        "_imageDims": {
            "_width": 640,
            "_height": 480
        },
        "_score": 0.6087827041006622,
        "_classScore": 0.6087827041006622,
        "_className": "",
        "_box": {
            "_x": 454.00078949523396,
            "_y": 184.4950862908609,
            "_width": 197.15022700319764,
            "_height": 178.82871343506574
        }
    },
    "expressions": {
        "neutral": 0.8693457841873169,
        "happy": 7.753686048772579e-8,
        "sad": 0.13065090775489807,
        "angry": 7.892010671639582e-7,
        "fearful": 4.183302948490564e-8,
        "disgusted": 8.18818290948542e-10,
        "surprised": 0.000002553132844695938
    },
    "player": 1
}